review,label
"It has some good moments, especially the cinematography. Neither good nor bad, just exists.",Positive
"It doesn't leave a lasting impression. Neither good nor bad, just exists.",Neutral
"The story arc was frankly tedious. I tried to like it, I really did, but it failed.",Negative
"While the lighting was good, the rest felt average. It was a decent way to kill an afternoon.",Neutral
This movie is a triumph in every sense. I will be thinking about this for days.,Positive
"I tried to like it, I really did, but it failed. The pacing distracted me from everything else. It’s a hard pass from me.",Negative
"Wow, just wow. A must-watch for fans of the genre.",Positive
"I have mixed feelings about this one. The acting is fine, but the costume design is a bit watchable. Good for a one-time watch.",Neutral
"It serves its purpose as popcorn filler. It has some good moments, especially the lighting. If you're bored, give it a shot.",Neutral
"A strange experience overall. While the CGI shines, the rest is cheap. It’s definitely not for everyone.",Neutral
"I was hooked from the very first minute. Every scene felt earned, and the pacing was delightful. Do yourself a favor and go see this.",Positive
"Neither good nor bad, just exists. Acceptable, but forgettable.",Neutral
An absolute joy to watch from start to finish. It managed to be phenomenal without trying too hard. I will be thinking about this for days.,Positive
A refreshing take on a tired genre. I can't wait to see it again.,Positive
I struggled to sit through the first half. Nothing about the direction worked. Do not bother.,Negative
I have never been so bored in my life. A complete misfire.,Negative
This movie is a triumph in every sense. The lead actor delivered a phenomenal performance. A must-watch for fans of the genre.,Positive
"A refreshing take on a tired genre. Every scene felt earned, and the lighting was solid. I can't wait to see it again.",Positive
"It serves its purpose as popcorn filler. The dialogue was standard, but nothing special. Acceptable, but forgettable.",Neutral
"While the character development shines, the rest is amateurish. Ideally, this should have been great, but something was off.",Neutral
I have mixed feelings about this one. Wait for it to come out on streaming.,Neutral
"It’s a weird mix of brilliance and stupidity. I respect the ambition, even if it didn't fully land.",Neutral
It managed to be phenomenal without trying too hard. I was completely blown away by this film.,Positive
"It was... fine. If you're bored, give it a shot.",Neutral
I was completely blown away by this film. It managed to be superb without trying too hard. Two thumbs way up.,Positive
"The score was frankly convoluted. I tried to like it, I really did, but it failed.",Negative
The CGI distracted me from everything else. The trailer was better than the movie.,Negative
An absolute train wreck of a movie. It felt like a rough draft that was never edited. I walked out halfway through.,Negative
I have mixed feelings about this one. Good for a one-time watch.,Neutral
"The acting was solid, yet the opening scene felt pretentious. Ideally, this should have been great, but something was off.",Neutral
"Ideally, this should have been great, but something was off. It tries to be deep, but comes off as wooden despite the intense music. I respect the ambition, even if it didn't fully land.",Neutral
"I'm honestly still trying to process what I just saw. The visuals were flawless, but the story was amateurish. Your mileage may vary significantly.",Neutral
"A strange experience overall. While the dialogue shines, the rest is disjointed. I respect the ambition, even if it didn't fully land.",Neutral
"Neither good nor bad, just exists. Wait for it to come out on streaming.",Neutral
Standard fare for this type of movie. It doesn't leave a lasting impression. Good for a one-time watch.,Neutral
"It serves its purpose as popcorn filler. It has some good moments, especially the direction. Wait for it to come out on streaming.",Neutral
"It has some good moments, especially the story arc. Standard fare for this type of movie.",Neutral
"Wow, just wow. The chemistry between the cast was refreshing. Two thumbs way up.",Positive
I want my two hours back. It’s a hard pass from me.,Negative
"The visuals were stellar, but the story was dull. It’s a weird mix of brilliance and stupidity.",Neutral
"It’s a weird mix of brilliance and stupidity. While the final act shines, the rest is uninspired. I think I need to watch it again to decide.",Neutral
This might be the worst thing I've seen all year. I walked out halfway through.,Negative
This might be the worst thing I've seen all year. It relies too heavily on cheap tropes and tedious writing. Save your money and watch something else.,Negative
Nothing about the cinematography worked. The trailer was better than the movie.,Negative
An absolute joy to watch from start to finish. It deserves all the awards it's getting.,Positive
"The acting is fine, but the cinematography is a bit generic. It’s not a masterpiece, but it’s not a disaster either.",Neutral
I walked in with low expectations and they were met. Good for a one-time watch.,Neutral
The trailer was better than the movie. I wouldn't recommend this to my worst enemy.,Negative
A cinematic masterpiece. The editing was absolutely intense. A must-watch for fans of the genre.,Positive
I have never been so bored in my life. Zero stars if I could give it.,Negative
It was... fine. It doesn't leave a lasting impression. Good for a one-time watch.,Neutral
The lead actor delivered a gripping performance. I was hooked from the very first minute.,Positive
I walked in with low expectations and they were met. It is what it is.,Neutral
"It has some good moments, especially the pacing. It’s not a masterpiece, but it’s not a disaster either.",Neutral
It felt like a rough draft that was never edited. What a complete waste of potential.,Negative
The opening scene was frankly unbearable. Total garbage.,Negative
"The score was serviceable, but nothing special. Middle of the road entertainment.",Neutral
"I tried to like it, I really did, but it failed. The plot holes were glaring and the character development was convoluted. Save your money and watch something else.",Negative
"I oscillated between loving and hating this film. While the screenplay shines, the rest is dull. It left me puzzled.",Neutral
"It managed to be breathtaking without trying too hard. Finally, a movie that respects the audience.",Positive
"Simply put, this is cinema at its finest. I can't wait to see it again.",Positive
The trailer was better than the movie. Do not bother.,Negative
An absolute joy to watch from start to finish. The lead actor delivered a iconic performance. It deserves all the awards it's getting.,Positive
An absolute train wreck of a movie. The story arc distracted me from everything else. I wouldn't recommend this to my worst enemy.,Negative
"Ideally, this should have been great, but something was off. A polarizing experience for sure.",Neutral
"This is a very difficult movie to categorize. The acting was phenomenal, yet the direction felt convoluted. A polarizing experience for sure.",Neutral
"The visuals were delightful, but the story was cringe-worthy. I am confused about how I feel.",Neutral
I was hooked from the very first minute. It perfectly balances humor and drama. It deserves all the awards it's getting.,Positive
An absolute train wreck of a movie. A complete misfire.,Negative
The trailer was better than the movie. The costume design was frankly lazy. It’s a hard pass from me.,Negative
It relies too heavily on cheap tropes and clichéd writing. An absolute train wreck of a movie.,Negative
I walked in with low expectations and they were met. It follows the standard formula without taking risks. You won't remember it a week from now.,Neutral
"Wow, just wow. The chemistry between the cast was refreshing. A must-watch for fans of the genre.",Positive
I want my two hours back. Zero stars if I could give it.,Negative
"The soundtrack was decent, but nothing special. It was... fine.",Neutral
An absolute joy to watch from start to finish. I can't wait to see it again.,Positive
An absolute train wreck of a movie. Utterly disappointing.,Negative
Total garbage. I walked out halfway through.,Negative
"The chemistry between the cast was gripping. Simply put, this is cinema at its finest.",Positive
I struggled to sit through the first half. It felt like a rough draft that was never edited. Avoid this at all costs.,Negative
"It’s not a masterpiece, but it’s not a disaster either. Good for a one-time watch.",Neutral
"I tried to like it, I really did, but it failed. The final act distracted me from everything else. Zero stars if I could give it.",Negative
I was hooked from the very first minute. It deserves all the awards it's getting.,Positive
It relies too heavily on cheap tropes and dull writing. An absolute train wreck of a movie.,Negative
"Neither good nor bad, just exists. If you're bored, give it a shot.",Neutral
The visual effects were masterful and added so much depth. I didn't expect to enjoy this as much as I did.,Positive
This might be the worst thing I've seen all year. The plot holes were glaring and the score was dull. Do not bother.,Negative
The score distracted me from everything else. This might be the worst thing I've seen all year.,Negative
I struggled to sit through the first half. Zero stars if I could give it.,Negative
"Middle of the road entertainment. Visually it's fine, but the lighting is just generic. Good for a one-time watch.",Neutral
I'm honestly still trying to process what I just saw. I think I need to watch it again to decide.,Neutral
Total garbage. Do not bother.,Negative
I was hooked from the very first minute. Do yourself a favor and go see this.,Positive
A cinematic masterpiece. Do yourself a favor and go see this.,Positive
"Finally, a movie that respects the audience. The chemistry between the cast was iconic. It deserves all the awards it's getting.",Positive
"Ideally, this should have been great, but something was off. It left me puzzled.",Neutral
"Ideally, this should have been great, but something was off. While the cinematography shines, the rest is lazy. Your mileage may vary significantly.",Neutral
"I am confused about how I feel. While the direction shines, the rest is cringe-worthy. It’s definitely not for everyone.",Neutral
This movie is a triumph in every sense. Don't miss this one.,Positive
"The acting was intense, yet the screenplay felt unbearable. I'm honestly still trying to process what I just saw.",Negative
It relies too heavily on cheap tropes and disjointed writing. An absolute train wreck of a movie.,Negative
It managed to be breathtaking without trying too hard. I was completely blown away by this film.,Positive
"The visuals were stellar, but the story was cringe-worthy. I am confused about how I feel.",Neutral
"It felt like a rough draft that was never edited. I tried to like it, I really did, but it failed.",Negative
It follows the standard formula without taking risks. I have mixed feelings about this one.,Neutral
"It tries to be deep, but comes off as lifeless despite the solid music. I'm honestly still trying to process what I just saw.",Neutral
I want my two hours back. It relies too heavily on cheap tropes and horrible writing. Utterly disappointing.,Negative
"Finally, a movie that respects the audience. It managed to be breathtaking without trying too hard. I can't wait to see it again.",Positive
"Standard fare for this type of movie. The acting is fine, but the lighting is a bit decent. 6/10 at best.",Neutral
It serves its purpose as popcorn filler. It doesn't leave a lasting impression. 6/10 at best.,Neutral
I struggled to sit through the first half. Do not bother.,Negative
I walked in with low expectations and they were met. You won't remember it a week from now.,Negative
"It was... fine. It has some good moments, especially the costume design. 6/10 at best.",Neutral
A refreshing take on a tired genre. Highly recommended for everyone.,Positive
"I oscillated between loving and hating this film. It tries to be deep, but comes off as jarring despite the breathtaking music. It left me puzzled.",Neutral
"It tries to be deep, but comes off as nonsensical despite the stunning music. A strange experience overall.",Neutral
"While the pacing was good, the rest felt adequate. Middle of the road entertainment.",Neutral
"The acting is fine, but the story arc is a bit adequate. It was a decent way to kill an afternoon.",Neutral
"The character development was decent, but nothing special. It’s not a masterpiece, but it’s not a disaster either.",Neutral
"Standard fare for this type of movie. While the opening scene was good, the rest felt mediocre. Acceptable, but forgettable.",Neutral
The trailer was better than the movie. The cinematography distracted me from everything else. A complete misfire.,Negative
"It tries to be deep, but comes off as amateurish despite the vibrant music. I oscillated between loving and hating this film.",Neutral
"The acting was vibrant, yet the acting felt confusing. I'm honestly still trying to process what I just saw.",Neutral
"It serves its purpose as popcorn filler. Visually it's fine, but the acting is just average. It is what it is.",Neutral
This might be the worst thing I've seen all year. The story arc was frankly tedious. I wouldn't recommend this to my worst enemy.,Negative
Total garbage. Save your money and watch something else.,Negative
"I have mixed feelings about this one. The acting is fine, but the opening scene is a bit generic. It’s okay if you have nothing else to do.",Neutral
I'm honestly still trying to process what I just saw. It left me puzzled.,Neutral
"I oscillated between loving and hating this film. The acting was compelling, yet the final act felt disjointed. I respect the ambition, even if it didn't fully land.",Neutral
"I oscillated between loving and hating this film. The visuals were vibrant, but the story was amateurish. I respect the ambition, even if it didn't fully land.",Neutral
A refreshing take on a tired genre. A definitive 10/10.,Positive
"The acting was expertly crafted, yet the story arc felt lifeless. It’s a weird mix of brilliance and stupidity.",Neutral
"The visuals were delightful, but the story was cheap. I oscillated between loving and hating this film.",Neutral
"While the character development was good, the rest felt generic. Standard fare for this type of movie.",Neutral
Nothing about the direction worked. What a complete waste of potential.,Negative
"It has some good moments, especially the cinematography. I have mixed feelings about this one.",Neutral
"The chemistry between the cast was stellar. Simply put, this is cinema at its finest.",Positive
"Great concept, but the execution was wooden. A strange experience overall.",Neutral
I walked in with low expectations and they were met. It’s okay if you have nothing else to do.,Neutral
"I tried to like it, I really did, but it failed. Save your money and watch something else.",Negative
"While the editing shines, the rest is lifeless. This is a very difficult movie to categorize.",Neutral
I was completely blown away by this film. A definitive 10/10.,Positive
"Finally, a movie that respects the audience. I particularly loved how the costume design was handled. Do yourself a favor and go see this.",Positive
The screenplay distracted me from everything else. I struggled to sit through the first half.,Negative
It doesn't leave a lasting impression. It was... fine.,Neutral
This might be the worst thing I've seen all year. The plot holes were glaring and the score was lazy. Zero stars if I could give it.,Negative
"Neither good nor bad, just exists. It is what it is.",Neutral
The lead actor delivered a heartwarming performance. A cinematic masterpiece.,Positive
"The pacing was absolutely touching. Wow, just wow.",Positive
A frustrating experience. The plot holes were glaring and the dialogue was tedious. Utterly disappointing.,Negative
